brand,part_number,part_name,category,sub_category,assembly_group,is_fastener,confidence,fits_models,model_count,capacity_range_kg,fuel_types,source_catalogue,cross_references
Godrej,02326191,BEARING - ROLLER,Bearings,Clear view mast,Clear view mast,0,A,"GX 150 D,GX 200 D,GX 250 D,GX 300 D",4,1500-3000,DIESEL,Godrej GX 150/200/250/300 D Forklift Trucks Spare Parts Catalogue,
Godrej,02360933,BEARING,Bearings,Tilt cylinder mounting,Tilt cylinder mounting,0,A,"GX 150 D,GX 200 D,GX 250 D,GX 300 D",4,1500-3000,DIESEL,Godrej GX 150/200/250/300 D Forklift Trucks Spare Parts Catalogue,
Godrej,54007406,BEARING - BRAKE SHAFT,Bearings,Automatic torque converter transmission,Automatic torque converter transmission,0,A,"GX 150 D,GX 200 D,GX 250 D,GX 300 D",4,1500-3000,DIESEL,Godrej GX 150/200/250/300 D Forklift Trucks Spare Parts Catalogue,
Godrej,54007451,BEARING FRONT - INPUT SHAFT,Bearings,Transmission,Transmission,0,A,"GX 150 D,GX 200 D,GX 250 D,GX 300 D",4,1500-3000,DIESEL,Godrej GX 150/200/250/300 D Forklift Trucks Spare Parts Catalogue,
Godrej,54007534,BEARING - PINION SHAFT,Bearings,Axle end assembly,Axle end assembly,0,A,"GX 150 D,GX 200 D,GX 250 D,GX 300 D",4,1500-3000,DIESEL,Godrej GX 150/200/250/300 D Forklift Trucks Spare Parts Catalogue,
Godrej,54008809,BEARING REAR - INPUT SHAFT,Bearings,Transmission,Transmission,0,A,"GX 150 D,GX 200 D,GX 250 D,GX 300 D",4,1500-3000,DIESEL,Godrej GX 150/200/250/300 D Forklift Trucks Spare Parts Catalogue,
Godrej,54098019,CUP & CONE TO REAR BEARING,Bearings,Transmission,Transmission,0,A,"GX 150 D,GX 200 D,GX 250 D,GX 300 D",4,1500-3000,DIESEL,Godrej GX 150/200/250/300 D Forklift Trucks Spare Parts Catalogue,
Godrej,54099889,CUP & CONE TO FRONT BEARING,Bearings,Transmission,Transmission,0,A,"GX 150 D,GX 200 D,GX 250 D,GX 300 D",4,1500-3000,DIESEL,Godrej GX 150/200/250/300 D Forklift Trucks Spare Parts Catalogue,
Godrej,54099946,CUP AND CONE - DIFFERENTIAL BEARING,Bearings,Axle adaptor & differential,Axle adaptor & differential,0,A,"GX 150 D,GX 200 D,GX 250 D,GX 300 D",4,1500-3000,DIESEL,Godrej GX 150/200/250/300 D Forklift Trucks Spare Parts Catalogue,
Godrej,54100343,BEARING - IDLER GEAR,Bearings,Transmission,Transmission,0,A,"GX 150 D,GX 200 D,GX 250 D,GX 300 D",4,1500-3000,DIESEL,Godrej GX 150/200/250/300 D Forklift Trucks Spare Parts Catalogue,
Godrej,54100356,BEARING,Bearings,Hi-Lo / F-R selector pack,Hi-Lo / F-R selector pack,0,A,"GX 150 D,GX 200 D,GX 250 D,GX 300 D",4,1500-3000,DIESEL,Godrej GX 150/200/250/300 D Forklift Trucks Spare Parts Catalogue,
Godrej,54101999,THRUST BEARING (T-138),Bearings,Steering axle 02375773,Steering axle 02375773,0,A,"GX 150 D,GX 200 D,GX 250 D,GX 300 D",4,1500-3000,DIESEL,Godrej GX 150/200/250/300 D Forklift Trucks Spare Parts Catalogue,ISO_BEARING T-138
Godrej,54102868,BEARING REVERSE IDLER GEAR,Bearings,Transmission,Transmission,0,A,"GX 150 D,GX 200 D,GX 250 D,GX 300 D",4,1500-3000,DIESEL,Godrej GX 150/200/250/300 D Forklift Trucks Spare Parts Catalogue,
Godrej,55300010,BEARING,Bearings,Steering axle hub,Steering axle hub,0,A,"GX 150 D,GX 200 D,GX 250 D,GX 300 D",4,1500-3000,DIESEL,Godrej GX 150/200/250/300 D Forklift Trucks Spare Parts Catalogue,
Godrej,55300011,BEARING,Bearings,Steering axle hub,Steering axle hub,0,A,"GX 150 D,GX 200 D,GX 250 D,GX 300 D",4,1500-3000,DIESEL,Godrej GX 150/200/250/300 D Forklift Trucks Spare Parts Catalogue,
Godrej,02000024,BRAKE DRUM,Brake,Axle end assembly,Axle end assembly,0,A,"GX 150 D,GX 200 D,GX 250 D,GX 300 D",4,1500-3000,DIESEL,Godrej GX 150/200/250/300 D Forklift Trucks Spare Parts Catalogue,
Godrej,02015004,BRAKE DRUM,Brake,Transmission,Transmission,0,A,"GX 150 D,GX 200 D,GX 250 D,GX 300 D",4,1500-3000,DIESEL,Godrej GX 150/200/250/300 D Forklift Trucks Spare Parts Catalogue,
Godrej,02020592,PARKING BRAKE ASSEMBLY,Brake,Parking brake,Parking brake,0,A,"GX 150 D,GX 200 D,GX 250 D,GX 300 D",4,1500-3000,DIESEL,Godrej GX 150/200/250/300 D Forklift Trucks Spare Parts Catalogue,
Godrej,02024730,BRAKE DISC,Brake,Wheel brake assembly,Wheel brake assembly,0,A,"GX 150 D,GX 200 D,GX 250 D,GX 300 D",4,1500-3000,DIESEL,Godrej GX 150/200/250/300 D Forklift Trucks Spare Parts Catalogue,
Godrej,02025670,SPRING - BRAKE SHOE RETURN,Brake,Wheel brake assembly,Wheel brake assembly,0,A,"GX 150 D,GX 200 D,GX 250 D,GX 300 D",4,1500-3000,DIESEL,Godrej GX 150/200/250/300 D Forklift Trucks Spare Parts Catalogue,
Godrej,02039723,BRAKE ASSEMBLY,Brake,Axle end assembly,Axle end assembly,0,A,"GX 150 D,GX 200 D,GX 250 D,GX 300 D",4,1500-3000,DIESEL,Godrej GX 150/200/250/300 D Forklift Trucks Spare Parts Catalogue,
Godrej,02050550,SHOE AND LINING ASSEMBLY,Brake,Parking brake,Parking brake,0,A,"GX 150 D,GX 200 D,GX 250 D,GX 300 D",4,1500-3000,DIESEL,Godrej GX 150/200/250/300 D Forklift Trucks Spare Parts Catalogue,
Godrej,02570802,WHEEL CYLINDER,Brake,Wheel brake assembly,Wheel brake assembly,0,A,"GX 150 D,GX 200 D,GX 250 D,GX 300 D",4,1500-3000,DIESEL,Godrej GX 150/200/250/300 D Forklift Trucks Spare Parts Catalogue,
Godrej,02570831,REPAIR KIT - WHEEL CYLINDER,Brake,Wheel brake assembly,Wheel brake assembly,0,A,"GX 150 D,GX 200 D,GX 250 D,GX 300 D",4,1500-3000,DIESEL,Godrej GX 150/200/250/300 D Forklift Trucks Spare Parts Catalogue,
Godrej,37100012,MASTER CYLINDER - BRAKE,Brake,Brake pedal and mounting,Brake pedal and mounting,0,A,"GX 150 D,GX 200 D,GX 250 D,GX 300 D",4,1500-3000,DIESEL,Godrej GX 150/200/250/300 D Forklift Trucks Spare Parts Catalogue,
Godrej,59176938,BRAKE SHOE ASSEMBLY,Brake,Wheel brake assembly,Wheel brake assembly,0,A,"GX 150 D,GX 200 D,GX 250 D,GX 300 D",4,1500-3000,DIESEL,Godrej GX 150/200/250/300 D Forklift Trucks Spare Parts Catalogue,
Godrej,02009522,BUSHING - STATOR SUPPORT,Bushes,Transmission,Transmission,0,A,"GX 150 D,GX 200 D,GX 250 D,GX 300 D",4,1500-3000,DIESEL,Godrej GX 150/200/250/300 D Forklift Trucks Spare Parts Catalogue,
Godrej,02042978,BUSHING (axle mounting ring),Bushes,Axle mounting parts,Axle mounting parts,0,A,"GX 150 D,GX 200 D,GX 250 D,GX 300 D",4,1500-3000,DIESEL,Godrej GX 150/200/250/300 D Forklift Trucks Spare Parts Catalogue,
Godrej,02067764,BUSH FOR SERVICE,Bushes,Clear view mast,Clear view mast,0,A,"GX 150 D,GX 200 D,GX 250 D,GX 300 D",4,1500-3000,DIESEL,Godrej GX 150/200/250/300 D Forklift Trucks Spare Parts Catalogue,
Godrej,97958145,BUSH - TORQUE CONVERTER,Bushes,Torque convertor,Torque convertor,0,A,"GX 150 D,GX 200 D,GX 250 D,GX 300 D",4,1500-3000,DIESEL,Godrej GX 150/200/250/300 D Forklift Trucks Spare Parts Catalogue,
Godrej,02006899,MOULDED HOSE - RADIATOR OUTLET,Cooling,Engine cooling system S4,Engine cooling system S4,0,A,"GX 150 D,GX 200 D,GX 250 D,GX 300 D",4,1500-3000,DIESEL,Godrej GX 150/200/250/300 D Forklift Trucks Spare Parts Catalogue,
Godrej,02011965,RADIATOR CAP,Cooling,Engine cooling system S4,Engine cooling system S4,0,A,"GX 150 D,GX 200 D,GX 250 D,GX 300 D",4,1500-3000,DIESEL,Godrej GX 150/200/250/300 D Forklift Trucks Spare Parts Catalogue,
Godrej,02363893,RADIATOR,Cooling,Engine cooling system S4,Engine cooling system S4,0,A,"GX 150 D,GX 200 D,GX 250 D,GX 300 D",4,1500-3000,DIESEL,Godrej GX 150/200/250/300 D Forklift Trucks Spare Parts Catalogue,
Godrej,86310007,RESERVOIR BOTTLE,Cooling,Engine cooling system S4,Engine cooling system S4,0,A,"GX 150 D,GX 200 D,GX 250 D,GX 300 D",4,1500-3000,DIESEL,Godrej GX 150/200/250/300 D Forklift Trucks Spare Parts Catalogue,
Godrej,02006589,HORN,Electrical,Electrical component,Electrical component,0,A,"GX 150 D,GX 200 D,GX 250 D,GX 300 D",4,1500-3000,DIESEL,Godrej GX 150/200/250/300 D Forklift Trucks Spare Parts Catalogue,
Godrej,02011952,IGNITION SWITCH,Electrical,Electrical cowl group,Electrical cowl group,0,A,"GX 150 D,GX 200 D,GX 250 D,GX 300 D",4,1500-3000,DIESEL,Godrej GX 150/200/250/300 D Forklift Trucks Spare Parts Catalogue,
Godrej,02041873,HEAD LAMP ASSEMBLY,Electrical,Electrical component,Electrical component,0,A,"GX 150 D,GX 200 D,GX 250 D,GX 300 D",4,1500-3000,DIESEL,Godrej GX 150/200/250/300 D Forklift Trucks Spare Parts Catalogue,
Godrej,02292614,ENGINE STOP SOLENOID,Electrical,Electrical component,Electrical component,0,A,"GX 150 D,GX 200 D,GX 250 D,GX 300 D",4,1500-3000,DIESEL,Godrej GX 150/200/250/300 D Forklift Trucks Spare Parts Catalogue,
Godrej,38200001,INSTRUMENT CLUSTER (C10 0880),Electrical,Electrical cowl group,Electrical cowl group,0,A,"GX 150 D,GX 200 D,GX 250 D,GX 300 D",4,1500-3000,DIESEL,Godrej GX 150/200/250/300 D Forklift Trucks Spare Parts Catalogue,
Godrej,38200003,OIL PRESSURE SENSOR UNIT,Electrical,Electrical component,Electrical component,0,A,"GX 150 D,GX 200 D,GX 250 D,GX 300 D",4,1500-3000,DIESEL,Godrej GX 150/200/250/300 D Forklift Trucks Spare Parts Catalogue,
Godrej,38200004,WATER TEMPERATURE SENSOR UNIT,Electrical,Electrical component,Electrical component,0,A,"GX 150 D,GX 200 D,GX 250 D,GX 300 D",4,1500-3000,DIESEL,Godrej GX 150/200/250/300 D Forklift Trucks Spare Parts Catalogue,
Godrej,59073004,REVERSE HORN 12V,Electrical,Electrical component,Electrical component,0,A,"GX 150 D,GX 200 D,GX 250 D,GX 300 D",4,1500-3000,DIESEL,Godrej GX 150/200/250/300 D Forklift Trucks Spare Parts Catalogue,
Godrej,72200001,BATTERY 12V 80 AH,Electrical,Battery mounting,Battery mounting,0,A,"GX 150 D,GX 200 D,GX 250 D,GX 300 D",4,1500-3000,DIESEL,Godrej GX 150/200/250/300 D Forklift Trucks Spare Parts Catalogue,
Godrej,95951429,FLASHER 12V ELECTRONIC,Electrical,Electrical cowl group,Electrical cowl group,0,A,"GX 150 D,GX 200 D,GX 250 D,GX 300 D",4,1500-3000,DIESEL,Godrej GX 150/200/250/300 D Forklift Trucks Spare Parts Catalogue,
Godrej,02083911,ENGINE - S4,Engine,Engine and mounting,Engine and mounting,0,A,"GX 150 D,GX 200 D,GX 250 D,GX 300 D",4,1500-3000,DIESEL,Godrej GX 150/200/250/300 D Forklift Trucks Spare Parts Catalogue,
Godrej,36500002,CABLE - ACCELERATOR,Engine,Accelerator control,Accelerator control,0,A,"GX 150 D,GX 200 D,GX 250 D,GX 300 D",4,1500-3000,DIESEL,Godrej GX 150/200/250/300 D Forklift Trucks Spare Parts Catalogue,
Godrej,59035299,ENGINE MOUNTING PAD,Engine,Engine and mounting,Engine and mounting,0,A,"GX 150 D,GX 200 D,GX 250 D,GX 300 D",4,1500-3000,DIESEL,Godrej GX 150/200/250/300 D Forklift Trucks Spare Parts Catalogue,
Godrej,59076399,CABLE - ENGINE STOP,Engine,Engine stop cable,Engine stop cable,0,A,"GX 150 D,GX 200 D,GX 250 D,GX 300 D",4,1500-3000,DIESEL,Godrej GX 150/200/250/300 D Forklift Trucks Spare Parts Catalogue,
Godrej,02012102,ELEMENT (transmission filter),Filters,Transmission oil filter,Transmission oil filter,0,A,"GX 150 D,GX 200 D,GX 250 D,GX 300 D",4,1500-3000,DIESEL,Godrej GX 150/200/250/300 D Forklift Trucks Spare Parts Catalogue,
Godrej,02071044,OIL FILTER - TRANSMISSION,Filters,Transmission oil filter,Transmission oil filter,0,A,"GX 150 D,GX 200 D,GX 250 D,GX 300 D",4,1500-3000,DIESEL,Godrej GX 150/200/250/300 D Forklift Trucks Spare Parts Catalogue,
Godrej,36500005,AIRCLEANER - DRY TYPE,Filters,Intake S4,Intake S4,0,A,"GX 150 D,GX 200 D,GX 250 D,GX 300 D",4,1500-3000,DIESEL,Godrej GX 150/200/250/300 D Forklift Trucks Spare Parts Catalogue,
Godrej,36500008,FILTER ELEMENT (air),Filters,Intake S4,Intake S4,0,A,"GX 150 D,GX 200 D,GX 250 D,GX 300 D",4,1500-3000,DIESEL,Godrej GX 150/200/250/300 D Forklift Trucks Spare Parts Catalogue,
Godrej,59167905,FILTER RETURN (HYDAX),Filters,Hydraulic tank,Hydraulic tank,0,A,"GX 150 D,GX 200 D,GX 250 D,GX 300 D",4,1500-3000,DIESEL,Godrej GX 150/200/250/300 D Forklift Trucks Spare Parts Catalogue,HYDAX -
Godrej,59171889,FILTER ELEMENT,Filters,Hydraulic tank,Hydraulic tank,0,A,"GX 150 D,GX 200 D,GX 250 D,GX 300 D",4,1500-3000,DIESEL,Godrej GX 150/200/250/300 D Forklift Trucks Spare Parts Catalogue,
Godrej,39100037,HOSE BURST VALVE,Hydraulic,Hydraulic lift line,Hydraulic lift line,0,A,"GX 150 D,GX 200 D,GX 250 D,GX 300 D",4,1500-3000,DIESEL,Godrej GX 150/200/250/300 D Forklift Trucks Spare Parts Catalogue,
Godrej,39100039,FLOW CONTROL VALVE,Hydraulic,Hydraulic lift line,Hydraulic lift line,0,A,"GX 150 D,GX 200 D,GX 250 D,GX 300 D",4,1500-3000,DIESEL,Godrej GX 150/200/250/300 D Forklift Trucks Spare Parts Catalogue,
Godrej,39100152,VALVE MAIN (WALVOIL - 2 SPOOL),Hydraulic,Main control lever,Main control lever,0,A,"GX 150 D,GX 200 D,GX 250 D,GX 300 D",4,1500-3000,DIESEL,Godrej GX 150/200/250/300 D Forklift Trucks Spare Parts Catalogue,WALVOIL -
Godrej,39100153,VALVE MAIN (WALVOIL - 3 SPOOL),Hydraulic,Main control lever,Main control lever,0,A,"GX 150 D,GX 200 D,GX 250 D,GX 300 D",4,1500-3000,DIESEL,Godrej GX 150/200/250/300 D Forklift Trucks Spare Parts Catalogue,
Godrej,39100154,VALVE MAIN (WALVOIL - 4 SPOOL),Hydraulic,Main control lever,Main control lever,0,A,"GX 150 D,GX 200 D,GX 250 D,GX 300 D",4,1500-3000,DIESEL,Godrej GX 150/200/250/300 D Forklift Trucks Spare Parts Catalogue,
Godrej,39100170,VALVE KIT (2 spool),Hydraulic,Main control lever,Main control lever,0,A,"GX 150 D,GX 200 D,GX 250 D,GX 300 D",4,1500-3000,DIESEL,Godrej GX 150/200/250/300 D Forklift Trucks Spare Parts Catalogue,
Godrej,39200009,PUMP - MAIN (DOWTY),Hydraulic,Hydraulic pump installation,Hydraulic pump installation,0,A,"GX 150 D,GX 200 D,GX 250 D,GX 300 D",4,1500-3000,DIESEL,Godrej GX 150/200/250/300 D Forklift Trucks Spare Parts Catalogue,DOWTY -
Godrej,39400020,LIFT CYLINDER (DANTAL) 3620 MFH,Hydraulic,Mast,Mast,0,A,"GX 150 D,GX 200 D,GX 250 D,GX 300 D",4,1500-3000,DIESEL,Godrej GX 150/200/250/300 D Forklift Trucks Spare Parts Catalogue,DANTAL -
Godrej,39400121,TILT CYL ASSLY 2000/3700 (DANTAL),Hydraulic,Tilt cylinder,Tilt cylinder,0,A,"GX 150 D,GX 200 D,GX 250 D,GX 300 D",4,1500-3000,DIESEL,Godrej GX 150/200/250/300 D Forklift Trucks Spare Parts Catalogue,
Godrej,02091330,FORK - 2000 mm Lg,Mast & Rollers,Fork,Carriage & forks,0,A,"GX 150 D,GX 200 D,GX 250 D,GX 300 D",4,1500-3000,DIESEL,Godrej GX 150/200/250/300 D Forklift Trucks Spare Parts Catalogue,
Godrej,02340436,ROLLER ASSY (FOR 6307 BRG.),Mast & Rollers,Carriage CVM,Carriage CVM,0,A,"GX 150 D,GX 200 D,GX 250 D,GX 300 D",4,1500-3000,DIESEL,Godrej GX 150/200/250/300 D Forklift Trucks Spare Parts Catalogue,ISO_BEARING 6307
Godrej,02354211,CHAIN ANCHOR,Mast & Rollers,Clear view mast,Clear view mast,0,A,"GX 150 D,GX 200 D,GX 250 D,GX 300 D",4,1500-3000,DIESEL,Godrej GX 150/200/250/300 D Forklift Trucks Spare Parts Catalogue,
Godrej,02421252,CHAIN SHEAVE ASSY,Mast & Rollers,Clear view mast,Clear view mast,0,A,"GX 150 D,GX 200 D,GX 250 D,GX 300 D",4,1500-3000,DIESEL,Godrej GX 150/200/250/300 D Forklift Trucks Spare Parts Catalogue,
Godrej,41300004,FORK 1000 LG,Mast & Rollers,Fork,Carriage & forks,0,A,"GX 150 D,GX 200 D,GX 250 D,GX 300 D",4,1500-3000,DIESEL,Godrej GX 150/200/250/300 D Forklift Trucks Spare Parts Catalogue,
Godrej,41300005,FORK 1200 LG,Mast & Rollers,Fork,Carriage & forks,0,A,"GX 150 D,GX 200 D,GX 250 D,GX 300 D",4,1500-3000,DIESEL,Godrej GX 150/200/250/300 D Forklift Trucks Spare Parts Catalogue,
Godrej,59184089,CHAIN ASSY,Mast & Rollers,Clear view mast,Clear view mast,0,A,"GX 150 D,GX 200 D,GX 250 D,GX 300 D",4,1500-3000,DIESEL,Godrej GX 150/200/250/300 D Forklift Trucks Spare Parts Catalogue,
Godrej,97126764,FORK VETTER 1000 LG,Mast & Rollers,Fork,Carriage & forks,0,A,"GX 150 D,GX 200 D,GX 250 D,GX 300 D",4,1500-3000,DIESEL,Godrej GX 150/200/250/300 D Forklift Trucks Spare Parts Catalogue,
Godrej,02001894,OIL SEAL,Seals,Axle end assembly,Axle end assembly,0,A,"GX 150 D,GX 200 D,GX 250 D,GX 300 D",4,1500-3000,DIESEL,Godrej GX 150/200/250/300 D Forklift Trucks Spare Parts Catalogue,
Godrej,02009548,OIL SEAL,Seals,Axle adaptor & differential,Axle adaptor & differential,0,A,"GX 150 D,GX 200 D,GX 250 D,GX 300 D",4,1500-3000,DIESEL,Godrej GX 150/200/250/300 D Forklift Trucks Spare Parts Catalogue,
Godrej,02010377,OIL SEAL - BRAKE FLANGE,Seals,Transmission,Transmission,0,A,"GX 150 D,GX 200 D,GX 250 D,GX 300 D",4,1500-3000,DIESEL,Godrej GX 150/200/250/300 D Forklift Trucks Spare Parts Catalogue,
Godrej,02073697,OIL SEAL,Seals,Axle end assembly,Axle end assembly,0,A,"GX 150 D,GX 200 D,GX 250 D,GX 300 D",4,1500-3000,DIESEL,Godrej GX 150/200/250/300 D Forklift Trucks Spare Parts Catalogue,
Godrej,02142588,DOWTY SEAL,Seals,Transmission / hydraulic,Transmission / hydraulic,0,A,"GX 150 D,GX 200 D,GX 250 D,GX 300 D",4,1500-3000,DIESEL,Godrej GX 150/200/250/300 D Forklift Trucks Spare Parts Catalogue,
Godrej,02350747,TRANSMISSION O-RING KIT,Seals,Transmission,Transmission,0,A,"GX 150 D,GX 200 D,GX 250 D,GX 300 D",4,1500-3000,DIESEL,Godrej GX 150/200/250/300 D Forklift Trucks Spare Parts Catalogue,
Godrej,02351926,SEALKIT (steering unit),Seals,Steering column,Steering column,0,A,"GX 150 D,GX 200 D,GX 250 D,GX 300 D",4,1500-3000,DIESEL,Godrej GX 150/200/250/300 D Forklift Trucks Spare Parts Catalogue,
Godrej,02362784,SEAL - OIL,Seals,Steering axle,Steering axle,0,A,"GX 150 D,GX 200 D,GX 250 D,GX 300 D",4,1500-3000,DIESEL,Godrej GX 150/200/250/300 D Forklift Trucks Spare Parts Catalogue,
Godrej,39400087,SEAL KIT - LIFT CYLINDER (DANTAL),Seals,Mast lift cylinder,Mast lift cylinder,0,A,"GX 150 D,GX 200 D,GX 250 D,GX 300 D",4,1500-3000,DIESEL,Godrej GX 150/200/250/300 D Forklift Trucks Spare Parts Catalogue,
Godrej,39400089,SEAL KIT TILT CYLINDER (DANTAL),Seals,Tilt cylinder,Tilt cylinder,0,A,"GX 150 D,GX 200 D,GX 250 D,GX 300 D",4,1500-3000,DIESEL,Godrej GX 150/200/250/300 D Forklift Trucks Spare Parts Catalogue,
Godrej,39400429,SEAL KIT TILT CYLINDER (VELJAN),Seals,Tilt cylinder,Tilt cylinder,0,A,"GX 150 D,GX 200 D,GX 250 D,GX 300 D",4,1500-3000,DIESEL,Godrej GX 150/200/250/300 D Forklift Trucks Spare Parts Catalogue,
Godrej,39400653,SEAL KIT TILT CYLINDER (WIPRO),Seals,Tilt cylinder,Tilt cylinder,0,A,"GX 150 D,GX 200 D,GX 250 D,GX 300 D",4,1500-3000,DIESEL,Godrej GX 150/200/250/300 D Forklift Trucks Spare Parts Catalogue,
Godrej,59184539,SEAL KIT - LATERAL STEERING CYLINDER,Seals,Steering axle,Steering axle,0,A,"GX 150 D,GX 200 D,GX 250 D,GX 300 D",4,1500-3000,DIESEL,Godrej GX 150/200/250/300 D Forklift Trucks Spare Parts Catalogue,
Godrej,02125181,PIN KNUCKLE,Steering,Steering axle,Steering axle,0,A,"GX 150 D,GX 200 D,GX 250 D,GX 300 D",4,1500-3000,DIESEL,Godrej GX 150/200/250/300 D Forklift Trucks Spare Parts Catalogue,
Godrej,02234513,BUSH TOP & BOTTOM,Steering,Steering axle,Steering axle,0,A,"GX 150 D,GX 200 D,GX 250 D,GX 300 D",4,1500-3000,DIESEL,Godrej GX 150/200/250/300 D Forklift Trucks Spare Parts Catalogue,
Godrej,02245991,BUSH - LINK,Steering,Steering axle,Steering axle,0,A,"GX 150 D,GX 200 D,GX 250 D,GX 300 D",4,1500-3000,DIESEL,Godrej GX 150/200/250/300 D Forklift Trucks Spare Parts Catalogue,
Godrej,02375674,KNUCKLE - RH,Steering,Steering axle,Steering axle,0,A,"GX 150 D,GX 200 D,GX 250 D,GX 300 D",4,1500-3000,DIESEL,Godrej GX 150/200/250/300 D Forklift Trucks Spare Parts Catalogue,
Godrej,02375687,KNUCKLE - LH,Steering,Steering axle,Steering axle,0,A,"GX 150 D,GX 200 D,GX 250 D,GX 300 D",4,1500-3000,DIESEL,Godrej GX 150/200/250/300 D Forklift Trucks Spare Parts Catalogue,
Godrej,39300007,STEERING UNIT - SPLINE TYPE,Steering,Steering column,Steering column,0,A,"GX 150 D,GX 200 D,GX 250 D,GX 300 D",4,1500-3000,DIESEL,Godrej GX 150/200/250/300 D Forklift Trucks Spare Parts Catalogue,
Godrej,39300012,STEERING UNIT - SLOT TYPE,Steering,Steering column,Steering column,0,A,"GX 150 D,GX 200 D,GX 250 D,GX 300 D",4,1500-3000,DIESEL,Godrej GX 150/200/250/300 D Forklift Trucks Spare Parts Catalogue,
Godrej,39300018,EATON STR. UNIT WITH LOAD SENSING V/V,Steering,Hydraulic lines,Hydraulic lines,0,A,"GX 150 D,GX 200 D,GX 250 D,GX 300 D",4,1500-3000,DIESEL,Godrej GX 150/200/250/300 D Forklift Trucks Spare Parts Catalogue,EATON -
Godrej,59172901,STEER CYLINDER ASSEMBLY,Steering,Steering axle,Steering axle,0,A,"GX 150 D,GX 200 D,GX 250 D,GX 300 D",4,1500-3000,DIESEL,Godrej GX 150/200/250/300 D Forklift Trucks Spare Parts Catalogue,
Godrej,02040619,CLUTCH DISC - OUTER,Transmission,Selector pack,Selector pack,0,A,"GX 150 D,GX 200 D,GX 250 D,GX 300 D",4,1500-3000,DIESEL,Godrej GX 150/200/250/300 D Forklift Trucks Spare Parts Catalogue,
Godrej,02041025,CLUTCH DISC - INNER,Transmission,Selector pack,Selector pack,0,A,"GX 150 D,GX 200 D,GX 250 D,GX 300 D",4,1500-3000,DIESEL,Godrej GX 150/200/250/300 D Forklift Trucks Spare Parts Catalogue,
Godrej,02057958,RING GEAR & PINION SET,Transmission,Axle adaptor & differential,Axle adaptor & differential,0,A,"GX 150 D,GX 200 D,GX 250 D,GX 300 D",4,1500-3000,DIESEL,Godrej GX 150/200/250/300 D Forklift Trucks Spare Parts Catalogue,
Godrej,02073006,CONVERTOR - PUMP (VICKERS),Transmission,Transmission,Transmission,0,A,"GX 150 D,GX 200 D,GX 250 D,GX 300 D",4,1500-3000,DIESEL,Godrej GX 150/200/250/300 D Forklift Trucks Spare Parts Catalogue,VICKERS -
Godrej,02363682,TRANSMISSION SINGLE SPEED (LOW),Transmission,Transmission,Transmission,0,A,"GX 150 D,GX 200 D,GX 250 D,GX 300 D",4,1500-3000,DIESEL,Godrej GX 150/200/250/300 D Forklift Trucks Spare Parts Catalogue,
Godrej,02371663,TRANSMISSION DRY TYPE (TWIN SPEED),Transmission,Transmission,Transmission,0,A,"GX 150 D,GX 200 D,GX 250 D,GX 300 D",4,1500-3000,DIESEL,Godrej GX 150/200/250/300 D Forklift Trucks Spare Parts Catalogue,
Godrej,02425135,TRANSMISSION SINGLE SPEED (HIGH),Transmission,Transmission,Transmission,0,A,"GX 150 D,GX 200 D,GX 250 D,GX 300 D",4,1500-3000,DIESEL,Godrej GX 150/200/250/300 D Forklift Trucks Spare Parts Catalogue,
Godrej,38950062,CLUTCH PACK - DIRECTION SELECTOR,Transmission,Transmission,Transmission,0,A,"GX 150 D,GX 200 D,GX 250 D,GX 300 D",4,1500-3000,DIESEL,Godrej GX 150/200/250/300 D Forklift Trucks Spare Parts Catalogue,
Godrej,97545873,CONVERTOR - PUMP (DOWTY),Transmission,Transmission,Transmission,0,A,"GX 150 D,GX 200 D,GX 250 D,GX 300 D",4,1500-3000,DIESEL,Godrej GX 150/200/250/300 D Forklift Trucks Spare Parts Catalogue,
Godrej,97927781,TORQUE CONVERTOR,Transmission,Torque convertor,Torque convertor,0,A,"GX 150 D,GX 200 D,GX 250 D,GX 300 D",4,1500-3000,DIESEL,Godrej GX 150/200/250/300 D Forklift Trucks Spare Parts Catalogue,
Godrej,02000417,TYRE,Wheels & Tyres,Steer wheel pneumatic,Steer wheel pneumatic,0,A,"GX 150 D,GX 200 D,GX 250 D,GX 300 D",4,1500-3000,DIESEL,Godrej GX 150/200/250/300 D Forklift Trucks Spare Parts Catalogue,
Godrej,02015497,TYRE (solid),Wheels & Tyres,Steer wheel solid,Steer wheel solid,0,A,"GX 150 D,GX 200 D,GX 250 D,GX 300 D",4,1500-3000,DIESEL,Godrej GX 150/200/250/300 D Forklift Trucks Spare Parts Catalogue,
Godrej,02138039,TYRE 28in,Wheels & Tyres,Drive wheel,Drive wheel,0,A,"GX 150 D,GX 200 D,GX 250 D,GX 300 D",4,1500-3000,DIESEL,Godrej GX 150/200/250/300 D Forklift Trucks Spare Parts Catalogue,
Godrej,02427522,DRIVE WHEEL ASSLY. WITH TYRE,Wheels & Tyres,Drive wheel single solid,Drive wheel single solid,0,A,"GX 150 D,GX 200 D,GX 250 D,GX 300 D",4,1500-3000,DIESEL,Godrej GX 150/200/250/300 D Forklift Trucks Spare Parts Catalogue,
Godrej,35400003,DRIVE WHEEL ASSLY W/O TYRE 8.15x15,Wheels & Tyres,Drive wheel,Drive wheel,0,A,"GX 150 D,GX 200 D,GX 250 D,GX 300 D",4,1500-3000,DIESEL,Godrej GX 150/200/250/300 D Forklift Trucks Spare Parts Catalogue,
Godrej,35400013,SPLIT RIM,Wheels & Tyres,Steer wheel,Steer wheel,0,A,"GX 150 D,GX 200 D,GX 250 D,GX 300 D",4,1500-3000,DIESEL,Godrej GX 150/200/250/300 D Forklift Trucks Spare Parts Catalogue,
Voltas / OM,MH 02293,CHAIN SHEAVE BEARING ASY,Bearings,HV mast assembly,HV mast assembly,0,A,DVX 506 FC,1,5000-5000,DIESEL,Voltas DVX 5t FC Diesel Forklift Truck Parts Catalog,
Voltas / OM,MH 500353903,BEARING,Bearings,Mast chain sheave bearing,Mast chain sheave bearing,0,A,"DVX 15 FC,DVX 20 FC,DVX 25 FC,DVX 30 FC",4,1500-3000,DIESEL,Voltas DVXi-FC Diesel Forklift Truck Parts Catalog,
Voltas / OM,MH 785299901,BEARING TAPER ROLLER,Bearings,Steer axle assembly,Steer axle assembly,0,A,DVX 506 FC,1,5000-5000,DIESEL,Voltas DVX 5t FC Diesel Forklift Truck Parts Catalog,
Voltas / OM,MH 870001754,INTEGRAL BEARING,Bearings,Mast load roller bearing,Mast load roller bearing,0,A,"DVX 15 FC,DVX 20 FC,DVX 25 FC,DVX 30 FC",4,1500-3000,DIESEL,Voltas DVXi-FC Diesel Forklift Truck Parts Catalog,
Voltas / OM,MH015139400,DIFFERENTIAL BEARING,Bearings,Differential bearing,Differential bearing,0,A,"DVX 15 FC,DVX 20 FC,DVX 25 FC,DVX 30 FC",4,1500-3000,DIESEL,Voltas DVXi-FC Diesel Forklift Truck Parts Catalog,
Voltas / OM,MH019383600,THRUST BEARING,Bearings,Thrust bearing,Thrust bearing,0,A,"DVX 15 FC,DVX 20 FC,DVX 25 FC,DVX 30 FC",4,1500-3000,DIESEL,Voltas DVXi-FC Diesel Forklift Truck Parts Catalog,
Voltas / OM,MH054586100,BALL BEARING,Bearings,Ball bearing (transmission),Ball bearing (transmission),0,A,"DVX 15 FC,DVX 20 FC,DVX 25 FC,DVX 30 FC",4,1500-3000,DIESEL,Voltas DVXi-FC Diesel Forklift Truck Parts Catalog,
Voltas / OM,MH08740,BEARING INT,Bearings,HVD mast assembly,HVD mast assembly,0,A,DVX 506 FC,1,5000-5000,DIESEL,Voltas DVX 5t FC Diesel Forklift Truck Parts Catalog,
Voltas / OM,MH993311066,BALL BEARING,Bearings,Ball bearing,Ball bearing,0,A,"DVX 15 FC,DVX 20 FC,DVX 25 FC,DVX 30 FC,DVX 506 FC",5,1500-5000,DIESEL,"Voltas DVXi-FC Diesel Forklift Truck Parts Catalog,Voltas DVX 5t FC Diesel Forklift Truck Parts Catalog",
Voltas / OM,MH993312107,BALL BEARING,Bearings,Ball bearing (transmission),Ball bearing (transmission),0,A,"DVX 15 FC,DVX 20 FC,DVX 25 FC,DVX 30 FC,DVX 506 FC",5,1500-5000,DIESEL,"Voltas DVXi-FC Diesel Forklift Truck Parts Catalog,Voltas DVX 5t FC Diesel Forklift Truck Parts Catalog",
Voltas / OM,MH993361060,PINION BEARING,Bearings,Pinion bearing,Pinion bearing,0,A,"DVX 15 FC,DVX 20 FC,DVX 25 FC,DVX 30 FC",4,1500-3000,DIESEL,Voltas DVXi-FC Diesel Forklift Truck Parts Catalog,
Voltas / OM,MH993361137,TAPER ROLLER BEARING,Bearings,Taper roller bearing,Taper roller bearing,0,A,"DVX 15 FC,DVX 20 FC,DVX 25 FC,DVX 30 FC",4,1500-3000,DIESEL,Voltas DVXi-FC Diesel Forklift Truck Parts Catalog,
Voltas / OM,MH993361140,OUTER BEARING,Bearings,Wheel bearing,Wheel bearing,0,A,"DVX 15 FC,DVX 20 FC,DVX 25 FC,DVX 30 FC",4,1500-3000,DIESEL,Voltas DVXi-FC Diesel Forklift Truck Parts Catalog,
Voltas / OM,MH993361146,WHEEL BEARING,Bearings,Wheel bearing,Wheel bearing,0,A,"DVX 15 FC,DVX 20 FC,DVX 25 FC,DVX 30 FC,DVX 506 FC",5,1500-5000,DIESEL,"Voltas DVXi-FC Diesel Forklift Truck Parts Catalog,Voltas DVX 5t FC Diesel Forklift Truck Parts Catalog",
Voltas / OM,MH993361178,PINION BEARING,Bearings,Pinion bearing,Pinion bearing,0,A,"DVX 15 FC,DVX 20 FC,DVX 25 FC,DVX 30 FC",4,1500-3000,DIESEL,Voltas DVXi-FC Diesel Forklift Truck Parts Catalog,
Voltas / OM,MH18531,COUNTERWEIGHT 3TON (FABRICATED),Body & Cab,Counterweight,Counterweight,0,A,DVX 30 FC,1,3000-3000,DIESEL,Voltas DVXi-FC Diesel Forklift Truck Parts Catalog,
Voltas / OM,MH18872,COUNTERWEIGHT 2.0TON (FABRICATED),Body & Cab,Counterweight,Counterweight,0,A,DVX 20 FC,1,2000-2000,DIESEL,Voltas DVXi-FC Diesel Forklift Truck Parts Catalog,
Voltas / OM,MH18873,COUNTERWEIGHT 2.5TON (FABRICATED),Body & Cab,Counterweight,Counterweight,0,A,DVX 25 FC,1,2500-2500,DIESEL,Voltas DVXi-FC Diesel Forklift Truck Parts Catalog,
Voltas / OM,MH796417011,COUNTERWEIGHT 3TON (CASTING),Body & Cab,Counterweight,Counterweight,0,A,DVX 30 FC,1,3000-3000,DIESEL,Voltas DVXi-FC Diesel Forklift Truck Parts Catalog,
Voltas / OM,MH796417041,COUNTERWEIGHT 2.0TON (CASTING),Body & Cab,Counterweight,Counterweight,0,A,DVX 20 FC,1,2000-2000,DIESEL,Voltas DVXi-FC Diesel Forklift Truck Parts Catalog,
Voltas / OM,MH 04031,KIT - MASTER CYLINDER,Brake,Brake tube assembly,Brake tube assembly,0,A,DVX 506 FC,1,5000-5000,DIESEL,Voltas DVX 5t FC Diesel Forklift Truck Parts Catalog,
Voltas / OM,MH 04256,BRAKE CABLE,Brake,Cowl assembly,Cowl assembly,0,A,DVX 506 FC,1,5000-5000,DIESEL,Voltas DVX 5t FC Diesel Forklift Truck Parts Catalog,
Voltas / OM,MH 796605174,ASSY.BRAKE SHOE W/LIN (PRI),Brake,Rear wheel brake,Rear wheel brake,0,A,DVX 506 FC,1,5000-5000,DIESEL,Voltas DVX 5t FC Diesel Forklift Truck Parts Catalog,
Voltas / OM,MH 799506053,BRAKE MASTER CYLINDER,Brake,Cowl assembly,Cowl assembly,0,A,DVX 506 FC,1,5000-5000,DIESEL,Voltas DVX 5t FC Diesel Forklift Truck Parts Catalog,
Voltas / OM,MH061378000,REPAIR KIT WHEEL CYLINDER,Brake,Wheel cylinder repair kit,Wheel cylinder repair kit,0,A,"DVX 15 FC,DVX 20 FC,DVX 25 FC,DVX 30 FC",4,1500-3000,DIESEL,Voltas DVXi-FC Diesel Forklift Truck Parts Catalog,
Voltas / OM,MH07574,HUB & BRAKE DRUM,Brake,Brake drum,Brake drum,0,A,"DVX 15 FC,DVX 20 FC,DVX 25 FC,DVX 30 FC",4,1500-3000,DIESEL,Voltas DVXi-FC Diesel Forklift Truck Parts Catalog,
Voltas / OM,MH08549,L.H. BRAKE ASSEMBLY,Brake,Brake assembly,Brake assembly,0,A,"DVX 15 FC,DVX 20 FC,DVX 25 FC,DVX 30 FC",4,1500-3000,DIESEL,Voltas DVXi-FC Diesel Forklift Truck Parts Catalog,
Voltas / OM,MH08550,R.H. BRAKE ASSEMBLY,Brake,Brake assembly,Brake assembly,0,A,"DVX 15 FC,DVX 20 FC,DVX 25 FC,DVX 30 FC",4,1500-3000,DIESEL,Voltas DVXi-FC Diesel Forklift Truck Parts Catalog,
Voltas / OM,MH40746,BRAKE DRUM,Brake,Axle assembly,Axle assembly,0,A,DVX 506 FC,1,5000-5000,DIESEL,Voltas DVX 5t FC Diesel Forklift Truck Parts Catalog,
Voltas / OM,MH507337800,ADJUSTING PAWL KIT,Brake,Adjuster kit,Adjuster kit,0,A,"DVX 15 FC,DVX 20 FC,DVX 25 FC,DVX 30 FC",4,1500-3000,DIESEL,Voltas DVXi-FC Diesel Forklift Truck Parts Catalog,
Voltas / OM,MH511667400,BRAKE SHOE AND LINING,Brake,Brake shoe,Brake shoe,0,A,"DVX 15 FC,DVX 20 FC,DVX 25 FC,DVX 30 FC",4,1500-3000,DIESEL,Voltas DVXi-FC Diesel Forklift Truck Parts Catalog,
Voltas / OM,MH796455018,PARKING BRAKE,Brake,Parking brake,Parking brake,0,A,"DVX 15 FC,DVX 20 FC,DVX 25 FC,DVX 30 FC",4,1500-3000,DIESEL,Voltas DVXi-FC Diesel Forklift Truck Parts Catalog,
Voltas / OM,MH870001211,MASTER CYLINDER ASSEMBLY,Brake,Master cylinder,Master cylinder,0,A,"DVX 15 FC,DVX 20 FC,DVX 25 FC,DVX 30 FC",4,1500-3000,DIESEL,Voltas DVXi-FC Diesel Forklift Truck Parts Catalog,
Voltas / OM,MH870001303,L.H. WHEEL CYLINDER,Brake,Wheel cylinder,Wheel cylinder,0,A,"DVX 15 FC,DVX 20 FC,DVX 25 FC,DVX 30 FC",4,1500-3000,DIESEL,Voltas DVXi-FC Diesel Forklift Truck Parts Catalog,
Voltas / OM,MH870001339,R.H. WHEEL CYLINDER,Brake,Wheel cylinder,Wheel cylinder,0,A,"DVX 15 FC,DVX 20 FC,DVX 25 FC,DVX 30 FC",4,1500-3000,DIESEL,Voltas DVXi-FC Diesel Forklift Truck Parts Catalog,
Voltas / OM,MH 18298,TRUNNION BUSHING (HALF),Bushes,Trunnion bushing,Trunnion bushing,0,A,"DVX 15 FC,DVX 20 FC,DVX 25 FC,DVX 30 FC,DVX 506 FC",5,1500-5000,DIESEL,"Voltas DVXi-FC Diesel Forklift Truck Parts Catalog,Voltas DVX 5t FC Diesel Forklift Truck Parts Catalog",
Voltas / OM,MH 508990100,TILT PIVOT BUSHING,Bushes,Tilt pivot bushing,Tilt pivot bushing,0,A,"DVX 15 FC,DVX 20 FC,DVX 25 FC,DVX 30 FC",4,1500-3000,DIESEL,Voltas DVXi-FC Diesel Forklift Truck Parts Catalog,
Voltas / OM,MH011775900,BUSHING,Bushes,Clutch linkage bushing,Clutch linkage bushing,0,A,"DVX 15 FC,DVX 20 FC,DVX 25 FC,DVX 30 FC",4,1500-3000,DIESEL,Voltas DVXi-FC Diesel Forklift Truck Parts Catalog,
Voltas / OM,MH016348700,BUSHING,Bushes,Transmission bushing,Transmission bushing,0,A,"DVX 15 FC,DVX 20 FC,DVX 25 FC,DVX 30 FC",4,1500-3000,DIESEL,Voltas DVXi-FC Diesel Forklift Truck Parts Catalog,
Voltas / OM,MH501221100,BUSHING,Bushes,Tilt cylinder group,Tilt cylinder group,0,A,DVX 506 FC,1,5000-5000,DIESEL,Voltas DVX 5t FC Diesel Forklift Truck Parts Catalog,
Voltas / OM,MH785201300,BUSH FOR STEER KNUCKLE,Bushes,Bush,Bush,0,A,"DVX 15 FC,DVX 20 FC,DVX 25 FC,DVX 30 FC,DVX 506 FC",5,1500-5000,DIESEL,"Voltas DVXi-FC Diesel Forklift Truck Parts Catalog,Voltas DVX 5t FC Diesel Forklift Truck Parts Catalog",
Voltas / OM,MH785324300,GREASE / LUBE NIPPLE,Consumables,Lubrication,Grease nipple,0,A,"DVX 15 FC,DVX 20 FC,DVX 25 FC,DVX 30 FC",4,1500-3000,DIESEL,Voltas DVXi-FC Diesel Forklift Truck Parts Catalog,
Voltas / OM,MH11038,FAN BELT,Cooling,Fan belt,Fan belt,0,A,"DVX 15 FC,DVX 20 FC,DVX 25 FC,DVX 30 FC",4,1500-3000,DIESEL,Voltas DVXi-FC Diesel Forklift Truck Parts Catalog,
Voltas / OM,MH16970,RADIATOR LOWER HOSE,Cooling,Hose,Hose,0,A,"DVX 15 FC,DVX 20 FC,DVX 25 FC,DVX 30 FC",4,1500-3000,DIESEL,Voltas DVXi-FC Diesel Forklift Truck Parts Catalog,
Voltas / OM,MH16971,RADIATOR UPPER HOSE,Cooling,Hose,Hose,0,A,"DVX 15 FC,DVX 20 FC,DVX 25 FC,DVX 30 FC",4,1500-3000,DIESEL,Voltas DVXi-FC Diesel Forklift Truck Parts Catalog,
Voltas / OM,MH18538,RADIATOR WITH OIL COOLER,Cooling,Radiator,Radiator,0,A,"DVX 15 FC,DVX 20 FC,DVX 25 FC,DVX 30 FC",4,1500-3000,DIESEL,Voltas DVXi-FC Diesel Forklift Truck Parts Catalog,
Voltas / OM,MH799507103,RADIATOR,Cooling,General truck,General truck,0,A,DVX 506 FC,1,5000-5000,DIESEL,Voltas DVX 5t FC Diesel Forklift Truck Parts Catalog,
Voltas / OM,MH99SG4126,Water Pump Assembly,Cooling,TSJ436 engine,TSJ436 engine,0,A,DVX 506 FC,1,5000-5000,DIESEL,Voltas DVX 5t FC Diesel Forklift Truck Parts Catalog,
Voltas / OM,MHDE006051,Thermostat,Cooling,TSJ436 engine,TSJ436 engine,0,A,DVX 506 FC,1,5000-5000,DIESEL,Voltas DVX 5t FC Diesel Forklift Truck Parts Catalog,
Voltas / OM,MHDE006092,Water Pump Kit,Cooling,TSJ436 engine,TSJ436 engine,0,A,DVX 506 FC,1,5000-5000,DIESEL,Voltas DVX 5t FC Diesel Forklift Truck Parts Catalog,
Voltas / OM,MH07840,FLASHER,Electrical,Flasher,Flasher,0,A,"DVX 15 FC,DVX 20 FC,DVX 25 FC,DVX 30 FC",4,1500-3000,DIESEL,Voltas DVXi-FC Diesel Forklift Truck Parts Catalog,
Voltas / OM,MH08707,TEMPERATURE GAUGE,Electrical,Gauge,Gauge,0,A,"DVX 15 FC,DVX 20 FC,DVX 25 FC,DVX 30 FC",4,1500-3000,DIESEL,Voltas DVXi-FC Diesel Forklift Truck Parts Catalog,
Voltas / OM,MH08714,SENSOR FOR TEMPERATURE GAUGE,Electrical,Sensor,Sensor,0,A,"DVX 15 FC,DVX 20 FC,DVX 25 FC,DVX 30 FC",4,1500-3000,DIESEL,Voltas DVXi-FC Diesel Forklift Truck Parts Catalog,
Voltas / OM,MH08962,IGNITION SWITCH,Electrical,Ignition switch,Ignition switch,0,A,"DVX 15 FC,DVX 20 FC,DVX 25 FC,DVX 30 FC",4,1500-3000,DIESEL,Voltas DVXi-FC Diesel Forklift Truck Parts Catalog,
Voltas / OM,MH09796,FUSE BOX,Electrical,Fuse box,Fuse box,0,A,"DVX 15 FC,DVX 20 FC,DVX 25 FC,DVX 30 FC",4,1500-3000,DIESEL,Voltas DVXi-FC Diesel Forklift Truck Parts Catalog,
Voltas / OM,MH11408,IGNITION SWITCH,Electrical,Ignition switch,Ignition switch,0,A,"DVX 15 FC,DVX 20 FC,DVX 25 FC,DVX 30 FC",4,1500-3000,DIESEL,Voltas DVXi-FC Diesel Forklift Truck Parts Catalog,
Voltas / OM,MH11829,REVERSE HORN,Electrical,Reverse horn,Reverse horn,0,A,"DVX 15 FC,DVX 20 FC,DVX 25 FC,DVX 30 FC",4,1500-3000,DIESEL,Voltas DVXi-FC Diesel Forklift Truck Parts Catalog,
Voltas / OM,MH12969,LIMIT SWITCH,Electrical,Limit switch,Limit switch,0,A,"DVX 15 FC,DVX 20 FC,DVX 25 FC,DVX 30 FC",4,1500-3000,DIESEL,Voltas DVXi-FC Diesel Forklift Truck Parts Catalog,
Voltas / OM,MH42059,SENSING UNIT,Electrical,Sender unit,Sender unit,0,A,"DVX 15 FC,DVX 20 FC,DVX 25 FC,DVX 30 FC",4,1500-3000,DIESEL,Voltas DVXi-FC Diesel Forklift Truck Parts Catalog,
Voltas / OM,MH42370,HA\ARD SWITCH,Electrical,Instrument panel,Instrument panel,0,A,DVX 506 FC,1,5000-5000,DIESEL,Voltas DVX 5t FC Diesel Forklift Truck Parts Catalog,
Voltas / OM,MH512476400,HORN,Electrical,Horn,Horn,0,A,"DVX 15 FC,DVX 20 FC,DVX 25 FC,DVX 30 FC",4,1500-3000,DIESEL,Voltas DVXi-FC Diesel Forklift Truck Parts Catalog,
Voltas / OM,MH785207900,OIL PRESSURE GAUGE,Electrical,Gauge,Gauge,0,A,"DVX 15 FC,DVX 20 FC,DVX 25 FC,DVX 30 FC,DVX 506 FC",5,1500-5000,DIESEL,"Voltas DVXi-FC Diesel Forklift Truck Parts Catalog,Voltas DVX 5t FC Diesel Forklift Truck Parts Catalog",PRICOL 2025
Voltas / OM,MH785208000,AMMETER,Electrical,Ammeter,Ammeter,0,A,"DVX 15 FC,DVX 20 FC,DVX 25 FC,DVX 30 FC,DVX 506 FC",5,1500-5000,DIESEL,"Voltas DVXi-FC Diesel Forklift Truck Parts Catalog,Voltas DVX 5t FC Diesel Forklift Truck Parts Catalog",PRICOL 4031/4040
Voltas / OM,MH785211802C,BATTERY 12 V,Electrical,Battery,Battery,0,A,"DVX 15 FC,DVX 20 FC,DVX 25 FC,DVX 30 FC",4,1500-3000,DIESEL,Voltas DVXi-FC Diesel Forklift Truck Parts Catalog,
Voltas / OM,MH785358400,ELECTRONIC HOUR METER,Electrical,Hour meter,Hour meter,0,A,"DVX 15 FC,DVX 20 FC,DVX 25 FC,DVX 30 FC",4,1500-3000,DIESEL,Voltas DVXi-FC Diesel Forklift Truck Parts Catalog,
Voltas / OM,MH785761600,FUEL GAUGE,Electrical,Gauge,Gauge,0,A,"DVX 15 FC,DVX 20 FC,DVX 25 FC,DVX 30 FC",4,1500-3000,DIESEL,Voltas DVXi-FC Diesel Forklift Truck Parts Catalog,
Voltas / OM,MH796418023,HEAD LIGHT (TAIL LIGHT),Electrical,Lamp,Lamp,0,A,"DVX 15 FC,DVX 20 FC,DVX 25 FC,DVX 30 FC",4,1500-3000,DIESEL,Voltas DVXi-FC Diesel Forklift Truck Parts Catalog,
Voltas / OM,MH798715054,KEY SWITCH (HOBBS),Electrical,Instrument panel,Instrument panel,1,A,DVX 506 FC,1,5000-5000,DIESEL,Voltas DVX 5t FC Diesel Forklift Truck Parts Catalog,
Voltas / OM,MH40561,ENGINE - SIMPSONS S4,Engine,Engine assembly,Engine assembly,0,A,"DVX 15 FC,DVX 20 FC,DVX 25 FC,DVX 30 FC",4,1500-3000,DIESEL,Voltas DVXi-FC Diesel Forklift Truck Parts Catalog,SIMPSON S4 / S433(I)
Voltas / OM,MH40997,ENGINE TSJ436 BSIII,Engine,General truck,General truck,0,A,DVX 506 FC,1,5000-5000,DIESEL,Voltas DVX 5t FC Diesel Forklift Truck Parts Catalog,SIMPSON TSJ436 BSIII
Voltas / OM,MHDE006033,Nozzle & Holder Assembly,Engine,Bosch E 080 2109 00,Bosch E 080 2109 00,0,A,DVX 506 FC,1,5000-5000,DIESEL,Voltas DVX 5t FC Diesel Forklift Truck Parts Catalog,BOSCH E 080 2109 00
Voltas / OM,MHDE006225,Fuel Injection Pump,Engine,Bosch B 0.460.424.494,Bosch B 0.460.424.494,0,A,DVX 506 FC,1,5000-5000,DIESEL,Voltas DVX 5t FC Diesel Forklift Truck Parts Catalog,BOSCH 0.460.424.494
Voltas / OM,MHDE006234,Turbocharger,Engine,TSJ436 engine,TSJ436 engine,0,A,DVX 506 FC,1,5000-5000,DIESEL,Voltas DVX 5t FC Diesel Forklift Truck Parts Catalog,
Voltas / OM,MH 785374400,MICRONIC FILTER,Filters,Hydraulic system,Hydraulic system,0,A,DVX 506 FC,1,5000-5000,DIESEL,Voltas DVX 5t FC Diesel Forklift Truck Parts Catalog,
Voltas / OM,MH-DE006318,AIR CLEANER,Filters,Air cleaner installation,Air cleaner installation,0,A,DVX 506 FC,1,5000-5000,DIESEL,Voltas DVX 5t FC Diesel Forklift Truck Parts Catalog,
Voltas / OM,MH00792,SUCTION STRAINER,Filters,Hydraulic strainer,Hydraulic strainer,0,A,"DVX 15 FC,DVX 20 FC,DVX 25 FC,DVX 30 FC",4,1500-3000,DIESEL,Voltas DVXi-FC Diesel Forklift Truck Parts Catalog,
Voltas / OM,MH02654408,Lubricating Oil Filter,Filters,Lubricating oil filter,Lubricating oil filter,0,A,DVX 506 FC,1,5000-5000,DIESEL,Voltas DVX 5t FC Diesel Forklift Truck Parts Catalog,
Voltas / OM,MH10237,FILTER ELEMENT (OUTER),Filters,Air filter element,Air filter element,0,A,"DVX 15 FC,DVX 20 FC,DVX 25 FC,DVX 30 FC",4,1500-3000,DIESEL,Voltas DVXi-FC Diesel Forklift Truck Parts Catalog,
Voltas / OM,MH10238,FILTER ELEMENT (INNER),Filters,Air filter element,Air filter element,0,A,"DVX 15 FC,DVX 20 FC,DVX 25 FC,DVX 30 FC",4,1500-3000,DIESEL,Voltas DVXi-FC Diesel Forklift Truck Parts Catalog,
Voltas / OM,MH10239,VACCUM INDICATOR,Filters,Air filter indicator,Air filter indicator,0,A,"DVX 15 FC,DVX 20 FC,DVX 25 FC,DVX 30 FC",4,1500-3000,DIESEL,Voltas DVXi-FC Diesel Forklift Truck Parts Catalog,
Voltas / OM,MH14886,RETURN LINE FILTER,Filters,Hydraulic filter,Hydraulic filter,0,A,"DVX 15 FC,DVX 20 FC,DVX 25 FC,DVX 30 FC",4,1500-3000,DIESEL,Voltas DVXi-FC Diesel Forklift Truck Parts Catalog,
Voltas / OM,MH40670,AIR CLEANER ASSEMBLY,Filters,Air cleaner,Air cleaner,0,A,"DVX 15 FC,DVX 20 FC,DVX 25 FC,DVX 30 FC",4,1500-3000,DIESEL,Voltas DVXi-FC Diesel Forklift Truck Parts Catalog,
Voltas / OM,MH785216100,DUAL FILTER,Filters,Fuel filter,Fuel filter,0,A,"DVX 15 FC,DVX 20 FC,DVX 25 FC,DVX 30 FC",4,1500-3000,DIESEL,Voltas DVXi-FC Diesel Forklift Truck Parts Catalog,
Voltas / OM,MH785216101,FILTER ELEMENT (PRELIMINARY FILTER),Filters,Fuel filter element,Fuel filter element,0,A,"DVX 15 FC,DVX 20 FC,DVX 25 FC,DVX 30 FC",4,1500-3000,DIESEL,Voltas DVXi-FC Diesel Forklift Truck Parts Catalog,
Voltas / OM,MH785216102,FILTER ELEMENT (PAPER ELEMENT),Filters,Fuel filter element,Fuel filter element,0,A,"DVX 15 FC,DVX 20 FC,DVX 25 FC,DVX 30 FC",4,1500-3000,DIESEL,Voltas DVXi-FC Diesel Forklift Truck Parts Catalog,
Voltas / OM,MHDE005774,FUEL FILTER,Filters,Bosch F 002 H20 138,Bosch F 002 H20 138,0,A,DVX 506 FC,1,5000-5000,DIESEL,Voltas DVX 5t FC Diesel Forklift Truck Parts Catalog,BOSCH F 002 H20 138
Voltas / OM,MHDE006009,PRE FILTER,Filters,Bosch F 002 H20 231,Bosch F 002 H20 231,0,A,DVX 506 FC,1,5000-5000,DIESEL,Voltas DVX 5t FC Diesel Forklift Truck Parts Catalog,BOSCH F 002 H20 231
Voltas / OM,MHDE006010,FINE FILTER,Filters,Bosch F 002 H20 232,Bosch F 002 H20 232,0,A,DVX 506 FC,1,5000-5000,DIESEL,Voltas DVX 5t FC Diesel Forklift Truck Parts Catalog,BOSCH F 002 H20 232
Voltas / OM,MH11079,FUEL TANK,Fuel System,Tank,Tank,0,A,"DVX 15 FC,DVX 20 FC,DVX 25 FC,DVX 30 FC",4,1500-3000,DIESEL,Voltas DVXi-FC Diesel Forklift Truck Parts Catalog,
Voltas / OM,MH40480,FUEL TANK COVER ASSEMBLY,Fuel System,Tank cover,Tank cover,0,A,"DVX 15 FC,DVX 20 FC,DVX 25 FC,DVX 30 FC",4,1500-3000,DIESEL,Voltas DVXi-FC Diesel Forklift Truck Parts Catalog,
Voltas / OM,MH40593,FUEL FILLING PIPE,Fuel System,Pipe,Pipe,0,A,"DVX 15 FC,DVX 20 FC,DVX 25 FC,DVX 30 FC",4,1500-3000,DIESEL,Voltas DVXi-FC Diesel Forklift Truck Parts Catalog,
Voltas / OM,MH 10987,HOIST CYLINDER ASSEMBLY (ALT-1),Hydraulic,Hoist cylinder,Hoist cylinder,0,A,"DVX 15 FC,DVX 20 FC,DVX 25 FC,DVX 30 FC",4,1500-3000,DIESEL,Voltas DVXi-FC Diesel Forklift Truck Parts Catalog,
Voltas / OM,MH 13391,2 SPOOL CONTROL VALVE,Hydraulic,Control valve,Control valve,0,A,DVX 506 FC,1,5000-5000,DIESEL,Voltas DVX 5t FC Diesel Forklift Truck Parts Catalog,
Voltas / OM,MH 16201,HOIST CYLINDER ASSLY,Hydraulic,Hoist cylinder,Hoist cylinder,0,A,"DVX 15 FC,DVX 20 FC,DVX 25 FC,DVX 30 FC",4,1500-3000,DIESEL,Voltas DVXi-FC Diesel Forklift Truck Parts Catalog,
Voltas / OM,MH 17705,HYDRAULIC PUMP (DOWTY),Hydraulic,Hydraulic system,Hydraulic system,0,A,DVX 506 FC,1,5000-5000,DIESEL,Voltas DVX 5t FC Diesel Forklift Truck Parts Catalog,DOWTY -
Voltas / OM,MH 17955,3-SPOOL CONTROL VALVE,Hydraulic,Control valve,Control valve,0,A,DVX 506 FC,1,5000-5000,DIESEL,Voltas DVX 5t FC Diesel Forklift Truck Parts Catalog,
Voltas / OM,MH13391-80,SEAL KIT CONTROL VALVE,Hydraulic,Control valve,Control valve,0,A,DVX 506 FC,1,5000-5000,DIESEL,Voltas DVX 5t FC Diesel Forklift Truck Parts Catalog,
Voltas / OM,MH14899,HOIST CYLINDER ASSEMBLY (ALT-2),Hydraulic,Hoist cylinder,Hoist cylinder,0,A,"DVX 15 FC,DVX 20 FC,DVX 25 FC,DVX 30 FC",4,1500-3000,DIESEL,Voltas DVXi-FC Diesel Forklift Truck Parts Catalog,
Voltas / OM,MH16178,MAIN HYDRAULIC PUMP,Hydraulic,Pump,Pump,0,A,"DVX 15 FC,DVX 20 FC,DVX 25 FC,DVX 30 FC",4,1500-3000,DIESEL,Voltas DVXi-FC Diesel Forklift Truck Parts Catalog,
Voltas / OM,MH17956,4-SPOOL CONTROL VALVE,Hydraulic,Control valve,Control valve,0,A,"DVX 15 FC,DVX 20 FC,DVX 25 FC,DVX 30 FC",4,1500-3000,DIESEL,Voltas DVXi-FC Diesel Forklift Truck Parts Catalog,
Voltas / OM,MH18273,TILT CYLINDER,Hydraulic,Tilt cylinder,Tilt cylinder,0,A,"DVX 15 FC,DVX 20 FC,DVX 25 FC,DVX 30 FC",4,1500-3000,DIESEL,Voltas DVXi-FC Diesel Forklift Truck Parts Catalog,
Voltas / OM,MH40482,HYDRAULIC TANK COVER ASSEMBLY,Hydraulic,Tank cover,Tank cover,0,A,"DVX 15 FC,DVX 20 FC,DVX 25 FC,DVX 30 FC",4,1500-3000,DIESEL,Voltas DVXi-FC Diesel Forklift Truck Parts Catalog,
Voltas / OM,MH40504,TILT CYLINDER ASSLY,Hydraulic,Tilt cylinder,Tilt cylinder,0,A,"DVX 15 FC,DVX 20 FC,DVX 25 FC,DVX 30 FC",4,1500-3000,DIESEL,Voltas DVXi-FC Diesel Forklift Truck Parts Catalog,
Voltas / OM,MH42003,CONTROL VALVE (2 SPOOL),Hydraulic,Control valve,Control valve,0,A,"DVX 15 FC,DVX 20 FC,DVX 25 FC,DVX 30 FC",4,1500-3000,DIESEL,Voltas DVXi-FC Diesel Forklift Truck Parts Catalog,
Voltas / OM,MH42185,CONTROL VALVE (3 SPOOL),Hydraulic,Control valve,Control valve,0,A,"DVX 15 FC,DVX 20 FC,DVX 25 FC,DVX 30 FC",4,1500-3000,DIESEL,Voltas DVXi-FC Diesel Forklift Truck Parts Catalog,
Voltas / OM,MH42186,CONTROL VALVE (4 SPOOL),Hydraulic,Control valve,Control valve,0,A,"DVX 15 FC,DVX 20 FC,DVX 25 FC,DVX 30 FC",4,1500-3000,DIESEL,Voltas DVXi-FC Diesel Forklift Truck Parts Catalog,
Voltas / OM,MH44Z12D8,HOSE CLIP,Hydraulic,Hose clip,Hose clip,0,A,"DVX 15 FC,DVX 20 FC,DVX 25 FC,DVX 30 FC",4,1500-3000,DIESEL,Voltas DVXi-FC Diesel Forklift Truck Parts Catalog,
Voltas / OM,MH 02023,LOAD ROLLER ASSLY,Mast & Rollers,HVT mast assembly,HVT mast assembly,0,A,DVX 506 FC,1,5000-5000,DIESEL,Voltas DVX 5t FC Diesel Forklift Truck Parts Catalog,
Voltas / OM,MH 10135,HOIST CHAIN,Mast & Rollers,Lift chain,Lift chain,0,A,"DVX 15 FC,DVX 20 FC,DVX 25 FC,DVX 30 FC",4,1500-3000,DIESEL,Voltas DVXi-FC Diesel Forklift Truck Parts Catalog,
Voltas / OM,MH 10248,CHAIN ASSEMBLY,Mast & Rollers,HV mast assembly,HV mast assembly,0,A,DVX 506 FC,1,5000-5000,DIESEL,Voltas DVX 5t FC Diesel Forklift Truck Parts Catalog,
Voltas / OM,MH 11470,CARRIAGE THRUST ROLLER,Mast & Rollers,Mast carriage,Mast carriage,0,A,DVX 506 FC,1,5000-5000,DIESEL,Voltas DVX 5t FC Diesel Forklift Truck Parts Catalog,
Voltas / OM,MH 12381,FORK CARRIAGE ASSLY FOR DV 30 SINGLE TYRE,Mast & Rollers,Carriage,Carriage,0,A,DVX 30 FC,1,3000-3000,DIESEL,Voltas DVXi-FC Diesel Forklift Truck Parts Catalog,
Voltas / OM,MH 12382,FORK CARRIAGE WELDT FOR DV 30 DUAL TYRE,Mast & Rollers,Carriage,Carriage,0,A,DVX 30 FC,1,3000-3000,DIESEL,Voltas DVXi-FC Diesel Forklift Truck Parts Catalog,
Voltas / OM,MH 13109,FORK CARRIAGE WELDT FOR DV 15/30,Mast & Rollers,Carriage,Carriage,0,A,DVX 30 FC,1,3000-3000,DIESEL,Voltas DVXi-FC Diesel Forklift Truck Parts Catalog,
Voltas / OM,MH 13116,FORK CARRIAGE ASSLY FOR DV 15/25,Mast & Rollers,Carriage,Carriage,0,A,DVX 25 FC,1,2500-2500,DIESEL,Voltas DVXi-FC Diesel Forklift Truck Parts Catalog,
Voltas / OM,MH 13344,CARRIAGE LIFTING CHAIN & ANCHOR ASSLY,Mast & Rollers,Lift chain,Lift chain,0,A,"DVX 15 FC,DVX 20 FC,DVX 25 FC,DVX 30 FC",4,1500-3000,DIESEL,Voltas DVXi-FC Diesel Forklift Truck Parts Catalog,
Voltas / OM,MH 508623301,CHAIN SHEAVE,Mast & Rollers,Chain sheave,Chain sheave,0,A,"DVX 15 FC,DVX 20 FC,DVX 25 FC,DVX 30 FC",4,1500-3000,DIESEL,Voltas DVXi-FC Diesel Forklift Truck Parts Catalog,
Voltas / OM,MH 796625134,LOAD ROLLER ASSEMBLY,Mast & Rollers,HV mast assembly,HV mast assembly,0,A,DVX 506 FC,1,5000-5000,DIESEL,Voltas DVX 5t FC Diesel Forklift Truck Parts Catalog,
Voltas / OM,MH11135,FORK 150X60X1220,Mast & Rollers,Fork,Fork 150x60x1220 mm,0,A,DVX 506 FC,1,5000-5000,DIESEL,Voltas DVX 5t FC Diesel Forklift Truck Parts Catalog,
Voltas / OM,MH12010,CARRIAGE ASSEMBLY-3TON,Mast & Rollers,Carriage,Carriage,0,A,DVX 30 FC,1,3000-3000,DIESEL,Voltas DVXi-FC Diesel Forklift Truck Parts Catalog,
Voltas / OM,MH17963,FORK(125x45x1000),Mast & Rollers,Fork,Fork,0,A,"DVX 15 FC,DVX 20 FC,DVX 25 FC,DVX 30 FC",4,1500-3000,DIESEL,Voltas DVXi-FC Diesel Forklift Truck Parts Catalog,
Voltas / OM,MH40707,HVT 2125 MAST ASSEMBLY,Mast & Rollers,Mast assembly,Mast assembly,0,A,"DVX 15 FC,DVX 20 FC,DVX 25 FC,DVX 30 FC",4,1500-3000,DIESEL,Voltas DVXi-FC Diesel Forklift Truck Parts Catalog,
Voltas / OM,MH40708,HIGH VISIBILITY MAST ASSEMBLY,Mast & Rollers,Mast assembly,Mast assembly,0,A,"DVX 15 FC,DVX 20 FC,DVX 25 FC,DVX 30 FC",4,1500-3000,DIESEL,Voltas DVXi-FC Diesel Forklift Truck Parts Catalog,
Voltas / OM,MH 01463,DOWTY SEAL,Seals,Fluid coupling,Fluid coupling,0,A,DVX 506 FC,1,5000-5000,DIESEL,Voltas DVX 5t FC Diesel Forklift Truck Parts Catalog,
Voltas / OM,MH 09602,OIL SEAL,Seals,Drive axle assembly,Drive axle assembly,0,A,DVX 506 FC,1,5000-5000,DIESEL,Voltas DVX 5t FC Diesel Forklift Truck Parts Catalog,
Voltas / OM,MH 16438,SEALKIT NO.-DC6556-650,Seals,Hoist cylinder seal kit,Hoist cylinder seal kit,0,A,"DVX 15 FC,DVX 20 FC,DVX 25 FC,DVX 30 FC",4,1500-3000,DIESEL,Voltas DVXi-FC Diesel Forklift Truck Parts Catalog,
Voltas / OM,MH 17705-80,SEALKIT HYDRAULIC PUMP,Seals,Dowty,Dowty,0,A,DVX 506 FC,1,5000-5000,DIESEL,Voltas DVX 5t FC Diesel Forklift Truck Parts Catalog,
Voltas / OM,MH DC 5401-80,SEAL KIT HOIST CYLINDER,Seals,Hoist cylinder seal kit,Hoist cylinder seal kit,0,A,"DVX 15 FC,DVX 20 FC,DVX 25 FC,DVX 30 FC",4,1500-3000,DIESEL,Voltas DVXi-FC Diesel Forklift Truck Parts Catalog,
Voltas / OM,MH016167300,OIL SEAL,Seals,Oil seal (steer hub),Oil seal (steer hub),0,A,"DVX 15 FC,DVX 20 FC,DVX 25 FC,DVX 30 FC,DVX 506 FC",5,1500-5000,DIESEL,"Voltas DVXi-FC Diesel Forklift Truck Parts Catalog,Voltas DVX 5t FC Diesel Forklift Truck Parts Catalog",
Voltas / OM,MH09608,OIL SEAL,Seals,Oil seal,Oil seal,0,A,"DVX 15 FC,DVX 20 FC,DVX 25 FC,DVX 30 FC",4,1500-3000,DIESEL,Voltas DVXi-FC Diesel Forklift Truck Parts Catalog,
Voltas / OM,MH13227,SEAL KIT FOR STEER CYLINDER ASSY,Seals,Seal kit,Seal kit,0,A,"DVX 15 FC,DVX 20 FC,DVX 25 FC,DVX 30 FC,DVX 506 FC",5,1500-5000,DIESEL,"Voltas DVXi-FC Diesel Forklift Truck Parts Catalog,Voltas DVX 5t FC Diesel Forklift Truck Parts Catalog",
Voltas / OM,MH796614243-650,SEAL KIT TILT CYLINDER,Seals,Tilt cylinder,Tilt cylinder,0,A,DVX 506 FC,1,5000-5000,DIESEL,Voltas DVX 5t FC Diesel Forklift Truck Parts Catalog,
Voltas / OM,MH870002609,KIT MASTER CYLINDER,Seals,Master cylinder kit,Master cylinder kit,0,A,"DVX 15 FC,DVX 20 FC,DVX 25 FC,DVX 30 FC",4,1500-3000,DIESEL,Voltas DVXi-FC Diesel Forklift Truck Parts Catalog,
Voltas / OM,MHDC0928-80,SEAL KIT FOR STEER CYLINDER 14621,Seals,Seal kit,Seal kit,0,A,"DVX 15 FC,DVX 20 FC,DVX 25 FC,DVX 30 FC",4,1500-3000,DIESEL,Voltas DVXi-FC Diesel Forklift Truck Parts Catalog,
Voltas / OM,MH 07286,STEERING CONTROL UNIT (SCU),Steering,Steering,Steering,0,A,DVX 506 FC,1,5000-5000,DIESEL,Voltas DVX 5t FC Diesel Forklift Truck Parts Catalog,
Voltas / OM,MH 12268,STEER KNUCKLE LH,Steering,Steer axle,Steer axle,0,A,DVX 506 FC,1,5000-5000,DIESEL,Voltas DVX 5t FC Diesel Forklift Truck Parts Catalog,
Voltas / OM,MH 12269,STEER KNUCKLE RH,Steering,Steer axle,Steer axle,0,A,DVX 506 FC,1,5000-5000,DIESEL,Voltas DVX 5t FC Diesel Forklift Truck Parts Catalog,
Voltas / OM,MH066616800,STEERING KNUCKLE PIN,Steering,Knuckle pin,Knuckle pin,0,A,"DVX 15 FC,DVX 20 FC,DVX 25 FC,DVX 30 FC",4,1500-3000,DIESEL,Voltas DVXi-FC Diesel Forklift Truck Parts Catalog,
Voltas / OM,MH08971,STEER KNUCKLE LH,Steering,Knuckle,Knuckle,0,A,"DVX 15 FC,DVX 20 FC,DVX 25 FC,DVX 30 FC",4,1500-3000,DIESEL,Voltas DVXi-FC Diesel Forklift Truck Parts Catalog,
Voltas / OM,MH09182,STEER KNUCKLE RH,Steering,Knuckle,Knuckle,0,A,"DVX 15 FC,DVX 20 FC,DVX 25 FC,DVX 30 FC",4,1500-3000,DIESEL,Voltas DVXi-FC Diesel Forklift Truck Parts Catalog,
Voltas / OM,MH11286,STEERING CYLINDER ASSEMBLY,Steering,Steer cylinder,Steer cylinder,0,A,"DVX 15 FC,DVX 20 FC,DVX 25 FC,DVX 30 FC,DVX 506 FC",5,1500-5000,DIESEL,"Voltas DVXi-FC Diesel Forklift Truck Parts Catalog,Voltas DVX 5t FC Diesel Forklift Truck Parts Catalog",
Voltas / OM,MH14621,STEER CYLINDER ASSLY (DANTAL),Steering,Steer cylinder,Steer cylinder,0,A,"DVX 15 FC,DVX 20 FC,DVX 25 FC,DVX 30 FC",4,1500-3000,DIESEL,Voltas DVXi-FC Diesel Forklift Truck Parts Catalog,
Voltas / OM,MH16476,STEERING CONTROL UNIT (SCU),Steering,Steering control unit,Steering control unit,0,A,"DVX 15 FC,DVX 20 FC,DVX 25 FC,DVX 30 FC",4,1500-3000,DIESEL,Voltas DVXi-FC Diesel Forklift Truck Parts Catalog,
Voltas / OM,MH17732,STEER CYLINDER ASSLY (WIPRO),Steering,Steer cylinder,Steer cylinder,0,A,"DVX 15 FC,DVX 20 FC,DVX 25 FC,DVX 30 FC",4,1500-3000,DIESEL,Voltas DVXi-FC Diesel Forklift Truck Parts Catalog,
Voltas / OM,MH016873800,DIFFERENTIAL WITHOUT RING GEAR & PINION,Transmission,Differential,Differential,0,A,"DVX 15 FC,DVX 20 FC,DVX 25 FC,DVX 30 FC",4,1500-3000,DIESEL,Voltas DVXi-FC Diesel Forklift Truck Parts Catalog,
Voltas / OM,MH022066500,RELEASE BEARING,Transmission,Clutch,Release bearing,0,A,"DVX 15 FC,DVX 20 FC,DVX 25 FC,DVX 30 FC",4,1500-3000,DIESEL,Voltas DVXi-FC Diesel Forklift Truck Parts Catalog,
Voltas / OM,MH08498,CLUTCH RELEASE BEARING ASSY,Transmission,Transmission,Transmission,0,A,DVX 506 FC,1,5000-5000,DIESEL,Voltas DVX 5t FC Diesel Forklift Truck Parts Catalog,
Voltas / OM,MH08528,CLUTCH COVER ASSY,Transmission,Transmission,Transmission,0,A,DVX 506 FC,1,5000-5000,DIESEL,Voltas DVX 5t FC Diesel Forklift Truck Parts Catalog,
Voltas / OM,MH08529,CLUTCH DISC,Transmission,Transmission,Transmission,0,A,DVX 506 FC,1,5000-5000,DIESEL,Voltas DVX 5t FC Diesel Forklift Truck Parts Catalog,
Voltas / OM,MH08858,LOW GEAR (42 TEETH),Transmission,Gear,Gear,0,A,"DVX 15 FC,DVX 20 FC,DVX 25 FC,DVX 30 FC,DVX 506 FC",5,1500-5000,DIESEL,"Voltas DVXi-FC Diesel Forklift Truck Parts Catalog,Voltas DVX 5t FC Diesel Forklift Truck Parts Catalog",
Voltas / OM,MH08859,HIGH GEAR (33 TEETH),Transmission,Gear,Gear,0,A,"DVX 15 FC,DVX 20 FC,DVX 25 FC,DVX 30 FC,DVX 506 FC",5,1500-5000,DIESEL,"Voltas DVXi-FC Diesel Forklift Truck Parts Catalog,Voltas DVX 5t FC Diesel Forklift Truck Parts Catalog",
Voltas / OM,MH09028,TRANSMISSION HOUSING ASSLY,Transmission,Housing,Housing,0,A,"DVX 15 FC,DVX 20 FC,DVX 25 FC,DVX 30 FC",4,1500-3000,DIESEL,Voltas DVXi-FC Diesel Forklift Truck Parts Catalog,
Voltas / OM,MH09094,DIFFERENTIAL ASSEMBLY,Transmission,Differential,Differential,0,A,"DVX 15 FC,DVX 20 FC,DVX 25 FC,DVX 30 FC,DVX 506 FC",5,1500-5000,DIESEL,"Voltas DVXi-FC Diesel Forklift Truck Parts Catalog,Voltas DVX 5t FC Diesel Forklift Truck Parts Catalog",
Voltas / OM,MH11241,CROWN WHEEL AND PINION,Transmission,Crown wheel & pinion,Crown wheel & pinion,0,A,"DVX 15 FC,DVX 20 FC,DVX 25 FC,DVX 30 FC",4,1500-3000,DIESEL,Voltas DVXi-FC Diesel Forklift Truck Parts Catalog,
Voltas / OM,MH502718403,LONG DRIVE SHAFT,Transmission,Drive shaft,Drive shaft,0,A,"DVX 15 FC,DVX 20 FC,DVX 25 FC,DVX 30 FC",4,1500-3000,DIESEL,Voltas DVXi-FC Diesel Forklift Truck Parts Catalog,
Voltas / OM,MH502718404,SHORT DRIVE SHAFT,Transmission,Drive shaft,Drive shaft,0,A,"DVX 15 FC,DVX 20 FC,DVX 25 FC,DVX 30 FC",4,1500-3000,DIESEL,Voltas DVXi-FC Diesel Forklift Truck Parts Catalog,
Voltas / OM,MH785380801,CLUTCH COVER ASSEMBLY,Transmission,Clutch,Clutch cover,0,A,"DVX 15 FC,DVX 20 FC,DVX 25 FC,DVX 30 FC",4,1500-3000,DIESEL,Voltas DVXi-FC Diesel Forklift Truck Parts Catalog,
Voltas / OM,MH785380850,REPAIR KIT CLUTCH,Transmission,Clutch,Clutch repair kit,0,A,"DVX 15 FC,DVX 20 FC,DVX 25 FC,DVX 30 FC",4,1500-3000,DIESEL,Voltas DVXi-FC Diesel Forklift Truck Parts Catalog,
Voltas / OM,MH785392300,DRIVE PINION & SHAFT,Transmission,Pinion shaft,Pinion shaft,0,A,"DVX 15 FC,DVX 20 FC,DVX 25 FC,DVX 30 FC",4,1500-3000,DIESEL,Voltas DVXi-FC Diesel Forklift Truck Parts Catalog,
Voltas / OM,MH785393300,CLUTCH DISC,Transmission,Clutch,Clutch disc,0,A,"DVX 15 FC,DVX 20 FC,DVX 25 FC,DVX 30 FC",4,1500-3000,DIESEL,Voltas DVXi-FC Diesel Forklift Truck Parts Catalog,
Voltas / OM,MH796458000,GEAR BOX ASSLY,Transmission,Gearbox assembly,Gearbox assembly,0,A,"DVX 15 FC,DVX 20 FC,DVX 25 FC,DVX 30 FC",4,1500-3000,DIESEL,Voltas DVXi-FC Diesel Forklift Truck Parts Catalog,
Voltas / OM,MH 07127,PNEUMATIC TYRE 28x9x15,Wheels & Tyres,Steer wheel,Steer wheel,0,A,DVX 506 FC,1,5000-5000,DIESEL,Voltas DVX 5t FC Diesel Forklift Truck Parts Catalog,
Voltas / OM,MH014359700,TYRE 6.50x10,Wheels & Tyres,Tyre (pneumatic trail),Tyre (pneumatic trail),0,A,"DVX 15 FC,DVX 20 FC,DVX 25 FC,DVX 30 FC",4,1500-3000,DIESEL,Voltas DVXi-FC Diesel Forklift Truck Parts Catalog,
Voltas / OM,MH056663500,TYRE,Wheels & Tyres,Tyre (pneumatic drive),Tyre (pneumatic drive),0,A,"DVX 15 FC,DVX 20 FC,DVX 25 FC,DVX 30 FC",4,1500-3000,DIESEL,Voltas DVXi-FC Diesel Forklift Truck Parts Catalog,
Voltas / OM,MH056663600,TUBE,Wheels & Tyres,Tube,Tube,0,A,"DVX 15 FC,DVX 20 FC,DVX 25 FC,DVX 30 FC",4,1500-3000,DIESEL,Voltas DVXi-FC Diesel Forklift Truck Parts Catalog,
Voltas / OM,MH056663700,FLAP,Wheels & Tyres,Flap,Flap,0,A,"DVX 15 FC,DVX 20 FC,DVX 25 FC,DVX 30 FC",4,1500-3000,DIESEL,Voltas DVXi-FC Diesel Forklift Truck Parts Catalog,
Voltas / OM,MH11412BC5FC,TYRE ASSY. BEAR CAT 7X12,Wheels & Tyres,Drive axle,Drive axle,0,A,DVX 506 FC,1,5000-5000,DIESEL,Voltas DVX 5t FC Diesel Forklift Truck Parts Catalog,
Voltas / OM,MH11412PD5FC,TYRE ASSY. PNEUMATIC 7X12,Wheels & Tyres,Drive axle,Drive axle,0,A,DVX 506 FC,1,5000-5000,DIESEL,Voltas DVX 5t FC Diesel Forklift Truck Parts Catalog,
Voltas / OM,MH11434,TRAIL WHEEL AND TYRE (BEAR CAT),Wheels & Tyres,Trail wheel,Trail wheel,0,A,"DVX 15 FC,DVX 20 FC,DVX 25 FC,DVX 30 FC",4,1500-3000,DIESEL,Voltas DVXi-FC Diesel Forklift Truck Parts Catalog,
Voltas / OM,MH17312,RIM ASSEMBLY TRAIL,Wheels & Tyres,Rim,Rim,0,A,"DVX 15 FC,DVX 20 FC,DVX 25 FC,DVX 30 FC",4,1500-3000,DIESEL,Voltas DVXi-FC Diesel Forklift Truck Parts Catalog,
Voltas / OM,MH785231102,DRIVE RIM ASSLY,Wheels & Tyres,Rim,Rim,0,A,"DVX 15 FC,DVX 20 FC,DVX 25 FC,DVX 30 FC",4,1500-3000,DIESEL,Voltas DVXi-FC Diesel Forklift Truck Parts Catalog,
Voltas / OM,MH785765901,SOLID CUSHION TYRE 7.00 X 12,Wheels & Tyres,Tyre,Tyre,0,A,"DVX 15 FC,DVX 20 FC,DVX 25 FC,DVX 30 FC,DVX 506 FC",5,1500-5000,DIESEL,"Voltas DVXi-FC Diesel Forklift Truck Parts Catalog,Voltas DVX 5t FC Diesel Forklift Truck Parts Catalog",
Voltas / OM,MH785765903,SOLID CUSHION TYRE 6.50 X 10,Wheels & Tyres,Tyre,Tyre,0,A,"DVX 15 FC,DVX 20 FC,DVX 25 FC,DVX 30 FC",4,1500-3000,DIESEL,Voltas DVXi-FC Diesel Forklift Truck Parts Catalog,
Voltas / OM,MH796416048,DRIVE WHEEL AND TYRE (BEARCAT),Wheels & Tyres,Drive wheel,Drive wheel,0,A,"DVX 15 FC,DVX 20 FC,DVX 25 FC,DVX 30 FC",4,1500-3000,DIESEL,Voltas DVXi-FC Diesel Forklift Truck Parts Catalog,
Voltas / OM,MH796425048,DRIVE WHEEL AND TYRE (PNEUMATIC),Wheels & Tyres,Drive wheel,Drive wheel,0,A,"DVX 15 FC,DVX 20 FC,DVX 25 FC,DVX 30 FC",4,1500-3000,DIESEL,Voltas DVXi-FC Diesel Forklift Truck Parts Catalog,
